Workbook

Sheet نظام الترقيم
A1: نظام الترقيم الجديد - New Coding System
A2: Asset Coding System: P-XXX-XXX-0001 Format
A4: P-FUR-DESK | B4: Office Desk | C4: أثاث مكتبي | D4: Office Furniture | E4: مكاتب مكتبية - مثال: P-FUR-DESK-0001
A5: P-FUR-CHR | B5: Office Chair | C5: أثاث مكتبي | D5: Office Furniture | E5: كراسي مكتبية - مثال: P-FUR-CHR-0001
A6: P-FUR-CAB | B6: Cabinet | C6: أثاث مكتبي | D6: Office Furniture | E6: خزائن ملفات - مثال: P-FUR-CAB-0001
A7: P-FUR-SAF | B7: Safe | C7: أثاث مكتبي | D7: Office Furniture | E7: خزائن آمنة - مثال: P-FUR-SAF-0001
A8: P-FUR-TEA | B8: Tea Table | C8: أثاث مكتبي | D8: Office Furniture | E8: طاولات استقبال - مثال: P-FUR-TEA-0001
A9: P-CLA-TBL | B9: Class Table | C9: أثاث القاعات | D9: Classroom | E9: طاولات دراسية - مثال: P-CLA-TBL-0001
A10: P-CLA-CHR | B10: Student Chair | C10: أثاث القاعات | D10: Classroom | E10: كراسي الطلاب - مثال: P-CLA-CHR-0001
A11: P-CLA-BRD | B11: Board | C11: أثاث القاعات | D11: Classroom | E11: سبورات - مثال: P-CLA-BRD-0001
A12: P-CLA-PLT | B12: Platform | C12: أثاث القاعات | D12: Classroom | E12: منصات المعلم - مثال: P-CLA-PLT-0001
A13: P-REL-CHR | B13: Lounge Chair | C13: أثاث استراحة | D13: Lounge | E13: كراسي الاستراحة والممرات - مثال: P-REL-CHR-0001
A14: P-REL-TBL | B14: Lounge Table | C14: أثاث استراحة | D14: Lounge | E14: طاولات استراحة - مثال: P-REL-TBL-0001
A15: P-REL-ENT | B15: Entrance Furniture | C15: أثاث مدخل | D15: Entrance | E15: أثاث مدخل المعهد - مثال: P-REL-ENT-0001
... A35: P-PHO-CUT | B35: Paper Cutter | C35: قواطع ورق | D35: Cutter | E35: قواطع ورق احترافية - مثال: P-PHO-CUT-0001
A38: رموز المواقع - Location Codes
A40: CLS-01 | B40: Classroom 01 | C40: قاعة دراسية 1 | D40: Classroom 1 | E40: P-CLA-TBL-0001-CLS01
A41: CLS-02 | B41: Classroom 02 | C41: قاعة دراسية 2 | D41: Classroom 2 | E41: P-CLA-CHR-0030-CLS02
A42: CLS-03 | B42: Classroom 03 | C42: قاعة دراسية 3 | D42: Classroom 3 | E42: P-CLA-BRD-0001-CLS03
A43: CLS-04 | B43: Classroom 04 | C43: قاعة دراسية 4 | D43: Classroom 4 | E43: P-IT-PRJ-0001-CLS04
A44: CLS-05 | B44: Classroom 05 | C44: قاعة دراسية 5 | D44: Classroom 5 | E44: P-AIR-SPL-0001-CLS05
A45: CLS-06 | B45: Classroom 06 | C45: قاعة دراسية 6 | D45: Classroom 6 | E45: P-CLA-TBL-0002-CLS06
A46: CLS-07 | B46: Classroom 07 | C46: قاعة دراسية 7 | D46: Classroom 7 | E46: P-CLA-CHR-0060-CLS07
A47: CLS-08 | B47: Classroom 08 | C47: قاعة دراسية 8 | D47: Classroom 8 | E47: P-SAF-FIR-0001-CLS08
A48: CLS-09 | B48: Classroom 09 | C48: قاعة دراسية 9 | D48: Classroom 9 | E48: P-IT-CCTV-0001-CLS09
A49: CLS-10 | B49: Classroom 10 | C49: قاعة دراسية 10 | D49: Classroom 10 | E49: P-CLA-PLT-0001-CLS10
A50: ADM-DIR | B50: Director Office | C50: مكتب المدير | D50: Director's Office | E50: P-FUR-DESK-0001-ADMDIR
A51: ADM-VDIR | B51: Vice Director | C51: مكتب نائب المدير | D51: Vice Director | E51: P-FUR-DESK-0002-ADMVDIR
... A64: WAR-STO | B64: Warehouse Storage | C64: المستودع | D64: Warehouse | E64: P-FUR-CHR-0015-WAR

Sheet السجل الرئيسي للأصول
A1: السجل الرئيسي لأصول المعهد
A2: Main Asset Registry - Institute Inventory Database
A4: الرقم التسلسلي الكامل | B4: اسم الأصل | C4: الوصف التفصيلي | D4: الموقع | E4: الحالة | F4: ملاحظات
A5: P-IT-PRJ | B5: جهاز عرض Epson | C5: مكتب خشبي بني، 3 أدراج، حجم كبير 180×90 سم | D5: المدير التنفيذي | E5: جيد

Sheet تصنيف الأصول
A1: تصنيف الأصول حسب النوع
A2: Asset Classification by Type
A4: أثاث مكتبي - Office Furniture | H4: ملخص التصنيف - Summary
A5: الرقم التسلسلي | B5: اسم القطعة | C5: Item Name | D5: الموقع | E5: الحالة | F5: ملاحظات
A6: ATH-MKT-001 | B6: مكتب تنفيذي | C6: Executive Desk | D6: الإدارة العليا - مكتب 1 | E6: جيد | F6: خشبي، 3 أدراج | H6: نوع الأصل | I6: Asset Type | J6: العدد
A7: ATH-MKT-002 | B7: كرسي مكتبي دوار | C7: Office Chair | D7: شؤون الطلاب | E7: جيد جداً | F7: ظهر طبي | H7: أثاث مكتبي | I7: Office Furniture | J7: 3
A8: ATH-MKT-003 | B8: خزانة ملفات | C8: File Cabinet | D8: المالية والحسابات | E8: جيد | F8: 4 أدراج، معدني | H8: أثاث قاعات | I8: Classroom Furniture | J8: 3
H9: أجهزة تقنية | I9: Technology | J9: 3
A10: أثاث القاعات الدراسية - Classroom Furniture | H10: معدات سلامة | I10: Safety Equipment | J10: 2
A11: الرقم التسلسلي | B11: اسم القطعة | C11: Item Name | D11: الموقع | E11: الحالة | F11: ملاحظات | H11: أجهزة مطبخ | I11: Kitchen | J11: 2
A12: ATH-QAA-001 | B12: مكتب المعلم | C12: Teacher's Desk | D12: قاعة دراسية 1 | E12: جيد | F12: خشبي مع درفة | H12: المجموع الكلي | I12: Total Assets | J12: 13
A13: ATH-QAA-002 | B13: كراسي الطلاب (30) | C13: Student Chairs (30) | D13: قاعة دراسية 1 | E13: متوسط | F13: بلاستيكية زرقاء
A14: ATH-QAA-003 | B14: سبورة بيضاء | C14: Whiteboard | D14: قاعة دراسية 2 | E14: جيد جداً | F14: حجم كبير 3×2 متر
A16: أجهزة حاسوب وتقنية - Computers & Technology
A17: الرقم التسلسلي | B17: اسم القطعة | C17: Item Name | D17: الموقع | E17: الحالة | F17: ملاحظات
A18: TQN-HSB-001 | B18: حاسوب Dell | C18: Dell Desktop | D18: الإدارة العليا - مكتب 1 | E18: جيد جداً | F18: i7, 16GB RAM
A19: TQN-TBA-001 | B19: طابعة HP | C19: HP Printer | D19: شؤون الطلاب | E19: جيد | F19: ليزر، ملون
A20: TQN-ARD-001 | B20: بروجكتر Epson | C20: Epson Projector | D20: قاعة دراسية 2 | E20: جيد جداً | F20: 3600 لومن
A22: معدات السلامة والنظافة - Safety & Cleaning
A23: الرقم التسلسلي | B23: اسم القطعة | C23: Item Name | D23: الموقع | E23: الحالة | F23: ملاحظات
A24: SLM-TFA-001 | B24: طفاية حريق CO2 | C24: Fire Extinguisher | D24: قاعة دراسية 3 | E24: جيد | F24: فحص: مارس 2026
A25: SLM-NZF-001 | B25: مكنسة كهربائية | C25: Vacuum Cleaner | D25: المبنى الرئيسي | E25: جيد | F25: قوية 2000W
A27: أجهزة المطبخ - Kitchen Appliances & Tools
A28: الرقم التسلسلي | B28: اسم القطعة | C28: Item Name | D28: الموقع | E28: الحالة | F28: ملاحظات
A29: MTB-KHR-001 | B29: ثلاجة Samsung | C29: Samsung Refrigerator | D29: استراحة المدرسين | E29: جيد | F29: 350 لتر
A30: MTB-ADW-001 | B30: طقم أطباق | C30: Dishes Set | D30: استراحة المدرسين | E30: جيد | F30: 20 قطعة

Sheet لوحة التحكم
A1: لوحة التحكم الإحصائية - Dashboard
A2: Asset Management Overview - Institute Inventory Statistics
A4: المؤشرات الرئيسية - Key Performance Indicators
A6: إجمالي الأصول | C6: أثاث | E6: أجهزة تقنية | G6: معدات سلامة | I6: أجهزة مطبخ
A7: =COUNTA('السجل الرئيسي للأصول'!A5:A1000) -> 1 | C7: =COUNTIF('السجل الرئيسي للأصول'!B5:B1000,"*أثاث*") -> 0 | E7: =COUNTIF('السجل الرئيسي للأصول'!B5:B1000,"*تقنية*")+COUNTIF('السجل الرئيسي للأصول'!B5:B1000,"*حاسوب*")+COUNTIF('السجل الرئيسي للأصول'!B5:B1000,"*طابع*") -> 0 | G7: =COUNTIF('السجل الرئيسي للأصول'!B5:B1000,"*سلامة*")+COUNTIF('السجل الرئيسي للأصول'!B5:B1000,"*طفاية*") -> 0 | I7: =COUNTIF('السجل الرئيسي للأصول'!B5:B1000,"*مطبخ*")+COUNTIF('السجل الرئيسي للأصول'!B5:B1000,"*ثلاجة*") -> 0
A9: التوزيع حسب نوع الأصل - Distribution by Asset Type
A11: نوع الأصل | B11: Asset Type | C11: العدد | D11: النسبة | E11: الحالة
A12: أثاث مكتبي | B12: Office Furniture | C12: =COUNTIF('السجل الرئيسي للأصول'!B5:B1000,"*مكتب*") -> 0 | D12: =IF($A$7>0,C12/$A$7,0) -> 0 | E12: ممتاز
A13: أثاث قاعات | B13: Classroom Furniture | C13: =COUNTIF('السجل الرئيسي للأصول'!B5:B1000,"*قاعة*")+COUNTIF('السجل الرئيسي للأصول'!B5:B1000,"*طالب*") -> 0 | D13: =IF($A$7>0,C13/$A$7,0) -> 0 | E13: جيد
A14: أجهزة تقنية | B14: Technology | C14: =COUNTIF('السجل الرئيسي للأصول'!B5:B1000,"*حاسوب*")+COUNTIF('السجل الرئيسي للأصول'!B5:B1000,"*طابعة*")+COUNTIF('السجل الرئيسي للأصول'!B5:B1000,"*عرض*") -> 1 | D14: =IF($A$7>0,C14/$A$7,0) -> 1 | E14: ممتاز
A15: معدات سلامة | B15: Safety Equipment | C15: =COUNTIF('السجل الرئيسي للأصول'!B5:B1000,"*طفاية*")+COUNTIF('السجل الرئيسي للأصول'!B5:B1000,"*سلامة*") -> 0 | D15: =IF($A$7>0,C15/$A$7,0) -> 0 | E15: جيد
A16: أجهزة مطبخ | B16: Kitchen | C16: =COUNTIF('السجل الرئيسي للأصول'!B5:B1000,"*ثلاجة*")+COUNTIF('السجل الرئيسي للأصول'!B5:B1000,"*مطبخ*") -> 0 | D16: =IF($A$7>0,C16/$A$7,0) -> 0 | E16: جيد
G18: التوزيع حسب الموقع - Distribution by Location
G20: الموقع | H20: Location | I20: عدد الأصول | J20: النسبة
G21: قاعات دراسية | H21: Classrooms | I21: =COUNTIF('السجل الرئيسي للأصول'!D5:D1000,"*قاعة*")+COUNTIF('السجل الرئيسي للأصول'!D5:D1000,"*Classroom*") -> 0 | J21: =IF($A$7>0,I21/$A$7,0) -> 0
G22: الإدارة العليا | H22: Senior Management | I22: =COUNTIF('السجل الرئيسي للأصول'!D5:D1000,"*الإدارة العليا*")+COUNTIF('السجل الرئيسي للأصول'!D5:D1000,"*Senior*") -> 0 | J22: =IF($A$7>0,I22/$A$7,0) -> 0
G23: استراحة المدرسين | H23: Teachers Lounge | I23: =COUNTIF('السجل الرئيسي للأصول'!D5:D1000,"*المدرسين*")+COUNTIF('السجل الرئيسي للأصول'!D5:D1000,"*Teachers*") -> 0 | J23: =IF($A$7>0,I23/$A$7,0) -> 0
G24: شؤون الطلاب | H24: Student Affairs | I24: =COUNTIF('السجل الرئيسي للأصول'!D5:D1000,"*الطلاب*")+COUNTIF('السجل الرئيسي للأصول'!D5:D1000,"*Student*") -> 0 | J24: =IF($A$7>0,I24/$A$7,0) -> 0
G25: المالية والحسابات | H25: Finance Office | I25: =COUNTIF('السجل الرئيسي للأصول'!D5:D1000,"*المالية*")+COUNTIF('السجل الرئيسي للأصول'!D5:D1000,"*Finance*") -> 0 | J25: =IF($A$7>0,I25/$A$7,0) -> 0
G26: مواقع أخرى | H26: Other Locations | I26: =$A$7-SUM(I21:I25) -> 1 | J26: =IF($A$7>0,I26/$A$7,0) -> 1
A28: حالة الأصول - Asset Condition Status
A30: الحالة | B30: Condition | C30: العدد | D30: النسبة | E30: الإجراء المطلوب
A31: جيد جداً | B31: Excellent | C31: =COUNTIF('السجل الرئيسي للأصول'!E5:E1000,"ممتاز")+COUNTIF('السجل الرئيسي للأصول'!E5:E1000,"جيد جداً") -> 0 | D31: =IF($A$7>0,C31/$A$7,0) -> 0 | E31: متابعة دورية
A32: جيد | B32: Good | C32: =COUNTIF('السجل الرئيسي للأصول'!E5:E1000,"جيد") -> 1 | D32: =IF($A$7>0,C32/$A$7,0) -> 1 | E32: صيانة وقائية
A33: متوسط | B33: Fair | C33: =COUNTIF('السجل الرئيسي للأصول'!E5:E1000,"متوسط") -> 0 | D33: =IF($A$7>0,C33/$A$7,0) -> 0 | E33: صيانة عاجلة
A35: إحصائيات ملخصة - Summary Statistics
A37: إجمالي فئات الأصول: | C37: 5 | D37: إجمالي المواقع: | F37: 19
A38: أصول تحت الضمان: | C38: =COUNTIF('السجل الرئيسي للأصول'!F5:F1000,"*ضمان*") -> 0 | D38: أصول تحتاج صيانة: | F38: {=C33} -> 0
A39: آخر تحديث: | C39: فبراير 2026 | D39: معدل جودة الأصول: | F39: =IF($A$7>0,(C31+C32)/$A$7,0) -> 1

Sheet المستودع
A1: إدارة المستودع - Warehouse Management
A2: Storage & Inventory Tracking System
A4: الرقم التسلسلي | B4: Serial Number | C4: رمز الأصل | D4: Asset Code | E4: اسم الأصل | F4: Asset Name | G4: الكمية | H4: Quantity | I4: الحالة | J4: Condition | K4: تاريخ الإدخال | L4: Entry Date | M4: السبب | N4: Reason
A5: P-FUR-CHR-0015-WAR | B5: Office Chair #15 | C5: P-FUR-CHR | D5: Office Chair | E5: كرسي مكتبي احتياطي | F5: Spare Office Chair | G5: 3 | H5: 3 | I5: جيد | J5: Good | K5: 2026-01-15 | L5: 2026-01-15 | M5: فائض عن الحاجة | N5: Surplus
A6: P-CLA-CHR-0100-WAR | B6: Student Chair #100 | C6: P-CLA-CHR | D6: Student Chair | E6: كراسي طلاب احتياطية | F6: Spare Student Chairs | G6: 15 | H6: 15 | I6: جيد | J6: Good | K6: 2026-01-10 | L6: 2026-01-10 | M6: مخزون احتياطي | N6: Reserve Stock
A7: P-CLA-TBL-0025-WAR | B7: Class Table #25 | C7: P-CLA-TBL | D7: Class Table | E7: طاولات دراسية | F7: Study Tables | G7: 5 | H7: 5 | I7: جيد جداً | J7: Excellent | K7: 2026-02-01 | L7: 2026-02-01 | M7: طلبية جديدة | N7: New Order
A8: P-IT-LAP-0005-WAR | B8: Laptop #5 | C8: P-IT-LAP | D8: Laptop | E8: لابتوب Dell قديم | F8: Old Dell Laptop | G8: 2 | H8: 2 | I8: متوسط | J8: Fair | K8: 2025-12-20 | L8: 2025-12-20 | M8: استبدال بأحدث | N8: Replaced with newer
A9: P-IT-MON-0008-WAR | B9: Monitor #8 | C9: P-IT-MON | D9: Monitor | E9: شاشة 19 بوصة | F9: 19-inch Monitor | G9: 4 | H9: 4 | I9: جيد | J9: Good | K9: 2026-01-25 | L9: 2026-01-25 | M9: فائض من المشروع | N9: Project Surplus
A10: P-IT-PRT-0003-WAR | B10: Printer #3 | C10: P-IT-PRT | D10: Printer | E10: طابعة HP تحتاج صيانة | F10: HP Printer - Needs Service | G10: 1 | H10: 1 | I10: تالف | J10: Damaged | K10: 2025-11-15 | L10: 2025-11-15 | M10: عطل فني | N10: Technical Fault
A11: P-FUR-DESK-0010-WAR | B11: Office Desk #10 | C11: P-FUR-DESK | D11: Office Desk | E11: مكتب خشبي صغير | F11: Small Wooden Desk | G11: 2 | H11: 2 | I11: جيد | J11: Good | K11: 2026-01-05 | L11: 2026-01-05 | M11: نقل موظف | N11: Staff Transfer
A12: P-AIR-WIN-0005-WAR | B12: Window AC #5 | C12: P-AIR-WIN | D12: Window AC | E12: مكيف شباك 18000 وحدة | F12: Window AC 18000 BTU | G12: 3 | H12: 3 | I12: جيد | J12: Good | K12: 2025-12-01 | L12: 2025-12-01 | M12: موسم الشتاء | N12: Winter Season
A13: P-SAF-FIR-0012-WAR | B13: Fire Ext. #12 | C13: P-SAF-FIR | D13: Fire Extinguisher | E13: طفاية حريق منتهية الصلاحية | F13: Expired Fire Extinguisher | G13: 5 | H13: 5 | I13: منتهي الصلاحية | J13: Expired | K13: 2025-10-30 | L13: 2025-10-30 | M13: تحديث السلامة | N13: Safety Update
A14: P-FUR-CAB-0007-WAR | B14: Cabinet #7 | C14: P-FUR-CAB | D14: Cabinet | E14: خزانة معدنية 4 أدراج | F14: Metal Cabinet 4 Drawers | G14: 2 | H14: 2 | I14: جيد جداً | J14: Excellent | K14: 2026-02-05 | L14: 2026-02-05 | M14: مخزون جديد | N14: New Stock
A15: P-IT-WIFI-0004-WAR | B15: WiFi Router #4 | C15: P-IT-WIFI | D15: WiFi Router | E15: راوتر قديم | F15: Old Router | G15: 3 | H15: 3 | I15: متوسط | J15: Fair | K15: 2025-11-20 | L15: 2025-11-20 | M15: ترقية الشبكة | N15: Network Upgrade
A16: P-REL-CHR-0020-WAR | B16: Lounge Chair #20 | C16: P-REL-CHR | D16: Lounge Chair | E16: كرسي استراحة مريح | F16: Comfortable Lounge Chair | G16: 6 | H16: 6 | I16: جيد | J16: Good | K16: 2026-01-18 | L16: 2026-01-18 | M16: فائض | N16: Surplus
... A20: P-PHO-BND-0002-WAR | B20: Binding Machine #2 | C20: P-PHO-BND | D20: Binding Machine | E20: جهاز تجليد يدوي | F20: Manual Binding Machine | G20: 1 | H20: 1 | I20: جيد | J20: Good | K20: 2026-02-03 | L20: 2026-02-03 | M20: مخزون احتياطي | N20: Backup Stock
A22: ملخص المستودع - Warehouse Summary
A24: إجمالي الأصناف في المستودع: | C24: 16 | D24: إجمالي الكميات: | F24: 59
A25: أصول بحالة ممتازة: | C25: 4 | D25: أصول تحتاج صيانة: | F25: 3
A26: أصول تالفة/منتهية: | C26: 1 | D26: آخر عملية إدخال: | F26: 2026-02-08
A27: قيمة تقديرية للمخزون: | C27: تحديث مستمر | D27: مساحة استيعابية: | F27: 70%
A30: إرشادات الاستخدام - Usage Instructions
A32: 1. عند إدخال أصل جديد: سجل الرقم التسلسلي، الكمية، الحالة، التاريخ وسبب الإدخال
A33: 2. عند إخراج أصل: احذف الصف أو قلل الكمية وسجل تاريخ الإخراج في الملاحظات
A34: 3. راجع المخزون شهرياً وحدّث حالة الأصول بانتظام
A35: 4. الأصول التالفة أو منتهية الصلاحية: ضع علامة واضحة لاتخاذ قرار الإصلاح أو الاستبعاد
A36: 5. استخدم نظام الترقيم الموحد P-XXX-XXX-0001 مع إضافة -WAR للمستودع
